Nome da Categoria, Categoria Pai
Marcas, Nenhuma
Aramis, Marcas
Bermudas, Aramis
Calças, Aramis
Camisas Manga Curta, Aramis
Camisas Manga Longa, Aramis
Camisetas, Aramis
Polos, Aramis
Farm, Marcas
Biquinis, Farm
Blusas, Farm
Calças, Farm
Camisas, Farm
Macacão, Farm
Maiôs, Farm
Regatas, Farm
Saias, Farm
Shorts, Farm
Vestidos, Farm
Body, Farm
Kimono, Farm
Levi's, Marcas
Feminina, Levi's
Camisetas, Feminina
Calças, Feminina
High Loose, Calças
311 Shaping Skinny, Calças
314 Shaping Straight, Calças
315 Shaping Bootcut, Calças
710 Super Skinny, Calças
711 Skinny, Calças
714 Straight, Calças
715 Bootcut, Calças
721 High Rise Skinny, Calças
724 High Rise Straight, Calças
725 High Rise Bootcut, Calças
501 Original, Calças
Levi's Cargo, Calças
Shorts, Feminina
501, Shorts
Mid Length, Shorts
Vestidos e Saias, Feminina
Chinelos, Feminina
Cintos, Feminina
Bonés, Feminina
Moletons, Feminina
Jaquetas, Feminina
Macacões, Feminina
Masculina, Levi's
Calças, Masculina
501 Straight, Calças
501 Slim Taper, Calças
504 Skateboarding, Calças
505 Regular, Calças
510 Skinny, Calças
511 Slim, Calças
512 Slim Taper , Calças
513 Slim Straight, Calças
514 Straight, Calças
541 Athletic Taper, Calças
Calça Chino, Calças
Camisas, Masculina
Camisetas, Masculina
Bermudas, Masculina
Bonés, Masculina
Chinelos, Masculina
Cintos, Masculina
Carteiras, Masculina
Meias, Masculina
Moletons, Masculina
Cuecas, Masculina
Jaquetas, Masculina
Polos, Masculina
Kids, Levi's
Camisetas, Kids
Shorts, Kids
Calças, Kids
Seiki, Marcas
Conjuntos, Seiki
Blusas, Seiki
Vestidos e Saias, Seiki
Shorts, Seiki
Calças, Seiki
Casacos, Seiki
Khelf, Marcas
Feminina, Khelf
Blusas, Feminina
Meias, Feminina
Vestidos e Saias, Feminina
Calças, Feminina
Shorts, Feminina
Moletons, Feminina
Jaquetas, Feminina
Acessórios, Feminina
Masculina, Khelf
Meias, Masculina
Moletons, Masculina
Jaquetas, Masculina
Calças, Masculina
Carteiras, Masculina
Bermudas, Masculina
Cuecas, Masculina
Diversas, Marcas
Feminina, Diversas
Masculina, Diversas
Femininas, Nenhuma
Blusas, Femininas
Regata, Blusas
Cropped, Blusas
Bolsas, Femininas
Calças, Femininas
Camisas, Femininas
Moletons, Femininas
Macacão, Femininas
Vestidos, Femininas
Camisetas, Femininas
Jaquetas, Femininas
Shorts, Femininas
Conjuntos, Femininas
Meias, Femininas
Máscaras, Femininas
Body, Femininas
Kimono, Femininas
Masculinas, Nenhuma
Calças, Masculinas
Camisas, Masculinas
Camisetas, Masculinas
Bermudas, Masculinas
Cuecas, Masculinas
Meias, Masculinas
Bonés, Masculinas
Cintos, Masculinas
Carteiras, Masculinas
Jaquetas, Masculinas
Moletons, Masculinas
Máscaras, Masculinas
Moda Praia, Nenhuma
Biquinis, Moda Praia
Cangas e Saídas, Moda Praia
Maiôs, Moda Praia
